{
  "7060073910": {
    "overall_risk": 3.741913605908629,
    "physical_quantity": 0.7933451611312958,
    "physical_quality": 1.5834626926466462,
    "regulatory_repute": 2.728469809791993
  }
}